Label,CPI Inflation,Core CPI Inflation,PCE Inflation,Core PCE Inflation
08/01,1.9413246706,1.9509646351,1.5608029315,1.536123686
08/04,1.9413246706,1.9509646351,1.5608029315,1.536123686
08/05,1.9512709174,1.9509646351,1.5665263409,1.536123686
08/06,1.9512709174,1.9509646351,1.5665263409,1.536123686
08/07,1.9512709174,1.9509646351,1.5665263409,1.536123686
08/08,1.9512709174,1.9509646351,1.5665263409,1.536123686
08/11,1.9512709174,1.9509646351,1.5665263409,1.536123686
08/12,1.9424757731,1.9509646351,1.5614653151,1.536123686
08/13,1.9424757731,1.9509646351,1.5614653151,1.536123686
08/14,1.9424757731,1.9509646351,1.5614653151,1.536123686
08/15,1.9424757731,1.9509646351,1.5614653151,1.536123686
08/18,1.9424757731,1.9509646351,1.5614653151,1.536123686
08/19,1.9049652473,1.8752574913,1.5288236774,1.4810115678
08/20,1.904965,1.875257,1.528824,1.481012
08/21,1.9049652473,1.8752574913,1.5288236774,1.4810115678
08/22,1.9049652473,1.8752574913,1.5288236774,1.4810115678
08/25,1.904965,1.875257,1.528824,1.481012
08/26,1.8903804092,1.8752574913,1.5204483974,1.4810115678
08/27,1.8903804092,1.8752574913,1.5204483974,1.4810115678
08/28,1.89038,1.875257,1.520448,1.481012
08/29,1.8903804092,1.8752574913,1.5157073297,1.4986263522
09/02,1.8903804092,1.8752574913,1.5157073297,1.4986263522
09/03,1.8903804092,1.8752574913,1.5157073297,1.4986263522
09/04,1.8903804092,1.8752574913,1.5157073297,1.4986263522
09/05,1.8903804092,1.8752574913,1.5157073297,1.4986263522
09/08,1.89038,1.875257,1.515707,1.498626
09/09,1.8903804092,1.8752574913,1.5157073297,1.4986263522
09/10,1.89038,1.875257,1.515707,1.498626
09/11,1.8903804092,1.8752574913,1.5157073297,1.4986263522
09/12,1.89038,1.875257,1.515707,1.498626
09/15,1.8903804092,1.8752574913,1.5157073297,1.4986263522
09/16,1.89038,1.875257,1.515707,1.498626
09/17,,,1.3942826851,1.3854289227
09/18,,,1.394283,1.385429
09/19,,,1.394283,1.385429
09/22,,,1.394283,1.385429
09/23,,,1.3942826851,1.3854289227
09/24,,,1.3942826851,1.3854289227
09/25,,,1.3942826851,1.3854289227
09/26,,,1.3942826851,1.3854289227
09/29,,,,